{
  "version": 1,
  "game": "cs2",
  "trainedAt": "2026-04-18T00:32:01.794Z",
  "featureNames": [
    "elo_diff_overall",
    "elo_diff_league",
    "games_t1",
    "games_t2",
    "winrate_diff_10",
    "winrate_diff_20",
    "h2h_diff",
    "h2h_total",
    "days_since_last_t1",
    "days_since_last_t2",
    "days_since_diff",
    "matches_last14_diff",
    "n_signals",
    "best_of",
    "tier_1",
    "tier_2",
    "tier_3",
    "elo_x_bo_series"
  ],
  "numFeatures": [
    "elo_diff_overall",
    "elo_diff_league",
    "games_t1",
    "games_t2",
    "winrate_diff_10",
    "winrate_diff_20",
    "h2h_diff",
    "h2h_total",
    "days_since_last_t1",
    "days_since_last_t2",
    "days_since_diff",
    "matches_last14_diff",
    "n_signals",
    "best_of"
  ],
  "standardize": {
    "mean": [
      -3.2010232491389243,
      -2.212304822043628,
      34.89236509758898,
      33.3544776119403,
      -0.004860591274397246,
      -0.005237758323765785,
      -0.024253731343283583,
      0.5632893226176808,
      3.3488805970149254,
      3.3705510907003444,
      -0.021670493685419057,
      -0.09988518943742825,
      3.576923076923077,
      2.6719288174512057,
      0.8770091848450058,
      0.12299081515499426,
      0,
      -2.3670565442020632
    ],
    "std": [
      71.00836013991238,
      50.365989074486706,
      27.666579482087954,
      26.540743866792,
      0.21378527844790993,
      0.14775173110186257,
      0.8173369992195325,
      0.9785361123541075,
      8.056923551618688,
      7.906903393913785,
      9.17244325328363,
      4.749289630671443,
      0.7254169819881714,
      0.7857467797081057,
      0.3284266653950322,
      0.3284266653950322,
      1,
      63.486375953251724
    ]
  },
  "logistic": {
    "w": [
      0.15734396985918653,
      0.11012403922685404,
      0.09554316428656662,
      -0.04891893131530045,
      0.0665556636932969,
      0.009905483668583482,
      0.089409475910306,
      -0.004608361876098421,
      -0.009358810298181197,
      0.017389326558681976,
      -0.0232107126108466,
      0.015316337386575994,
      -0.014888586096729238,
      -0.00970122385569624,
      0.0016674906926803857,
      -0.0016674906926803868,
      0,
      0.12362520931047302
    ],
    "b": -0.011795006447606109,
    "l2": 0.1
  },
  "gbdt": null,
  "ensembleWeights": {
    "logistic": 1,
    "gbdt": 0
  },
  "calibration": {
    "method": "isotonic",
    "blocks": [
      {
        "pMin": 0.11422506432086076,
        "pMax": 0.16143935486444128,
        "yMean": 0.16666666666666666
      },
      {
        "pMin": 0.16780244850405818,
        "pMax": 0.23369649585987565,
        "yMean": 0.2
      },
      {
        "pMin": 0.23428795522119575,
        "pMax": 0.3134942851886312,
        "yMean": 0.2318840579710145
      },
      {
        "pMin": 0.31448907490150685,
        "pMax": 0.3269525074093274,
        "yMean": 0.28125
      },
      {
        "pMin": 0.32709210995852045,
        "pMax": 0.3602195371154289,
        "yMean": 0.3333333333333333
      },
      {
        "pMin": 0.3602361126990422,
        "pMax": 0.41217602076343685,
        "yMean": 0.3422459893048128
      },
      {
        "pMin": 0.4122426533888947,
        "pMax": 0.4616460898081336,
        "yMean": 0.40512820512820513
      },
      {
        "pMin": 0.4617663494811849,
        "pMax": 0.4653917890128208,
        "yMean": 0.42105263157894735
      },
      {
        "pMin": 0.4655421981996113,
        "pMax": 0.4809314598128961,
        "yMean": 0.42857142857142855
      },
      {
        "pMin": 0.48103928985579886,
        "pMax": 0.49667440692844156,
        "yMean": 0.47297297297297297
      },
      {
        "pMin": 0.4967644796402126,
        "pMax": 0.5439255373661452,
        "yMean": 0.5345622119815668
      },
      {
        "pMin": 0.5439836264854089,
        "pMax": 0.5902793095561181,
        "yMean": 0.5465116279069767
      },
      {
        "pMin": 0.5904786422845559,
        "pMax": 0.6181713977067502,
        "yMean": 0.5643564356435643
      },
      {
        "pMin": 0.6186428210207704,
        "pMax": 0.6226225592988752,
        "yMean": 0.6
      },
      {
        "pMin": 0.622632166279184,
        "pMax": 0.6261125105500167,
        "yMean": 0.625
      },
      {
        "pMin": 0.6261776759159,
        "pMax": 0.6891259551016796,
        "yMean": 0.6791044776119403
      },
      {
        "pMin": 0.69198535055122,
        "pMax": 0.6957916013728388,
        "yMean": 0.75
      },
      {
        "pMin": 0.6960785272602662,
        "pMax": 0.701347490991853,
        "yMean": 0.75
      },
      {
        "pMin": 0.701419708535154,
        "pMax": 0.7318073045950096,
        "yMean": 0.7804878048780488
      },
      {
        "pMin": 0.7331070183268926,
        "pMax": 0.8297404417553242,
        "yMean": 0.85
      },
      {
        "pMin": 0.8464783427230577,
        "pMax": 0.8464783427230577,
        "yMean": 1
      },
      {
        "pMin": 0.8529242451013525,
        "pMax": 0.8529242451013525,
        "yMean": 1
      },
      {
        "pMin": 0.8645757004565664,
        "pMax": 0.8645757004565664,
        "yMean": 1
      },
      {
        "pMin": 0.8901904184743964,
        "pMax": 0.8901904184743964,
        "yMean": 1
      }
    ],
    "active": true
  },
  "metrics": {
    "baseline_elo_test": {
      "n": 1493,
      "brier": 0.2337823942795269,
      "logloss": 0.66038498408998,
      "acc": 0.6490288010716678,
      "auc": 0.7041126519947744,
      "ece": 0.10667486556275321
    },
    "logistic_test": {
      "n": 1493,
      "brier": 0.2169648590605605,
      "logloss": 0.623685492922388,
      "acc": 0.6543871399866041,
      "auc": 0.7162219877399256,
      "ece": 0.04224583429950356
    },
    "ensemble_raw_test": {
      "n": 1493,
      "brier": 0.2169648590605605,
      "logloss": 0.623685492922388,
      "acc": 0.6543871399866041,
      "auc": 0.7162219877399256,
      "ece": 0.04224583429950356
    },
    "ensemble_calibrated_test": {
      "n": 1493,
      "brier": 0.21587976499265446,
      "logloss": 0.6203325923767571,
      "acc": 0.6610850636302746,
      "auc": 0.7128276770460973,
      "ece": 0.03853728502162353
    },
    "chosen": "calibrated"
  },
  "splits": {
    "train": {
      "n": 6968,
      "from": "2025-07-13",
      "to": "2026-02-17"
    },
    "val": {
      "n": 1493,
      "from": "2026-02-17",
      "to": "2026-03-15"
    },
    "test": {
      "n": 1493,
      "from": "2026-03-15",
      "to": "2026-04-17"
    }
  }
}