{
  "version": 1,
  "game": "cs2",
  "trainedAt": "2026-04-17T23:53:17.164Z",
  "featureNames": [
    "elo_diff_overall",
    "elo_diff_league",
    "games_t1",
    "games_t2",
    "winrate_diff_10",
    "winrate_diff_20",
    "h2h_diff",
    "h2h_total",
    "days_since_last_t1",
    "days_since_last_t2",
    "days_since_diff",
    "matches_last14_diff",
    "n_signals",
    "best_of",
    "tier_1",
    "tier_2",
    "tier_3",
    "elo_x_bo_series"
  ],
  "numFeatures": [
    "elo_diff_overall",
    "elo_diff_league",
    "games_t1",
    "games_t2",
    "winrate_diff_10",
    "winrate_diff_20",
    "h2h_diff",
    "h2h_total",
    "days_since_last_t1",
    "days_since_last_t2",
    "days_since_diff",
    "matches_last14_diff",
    "n_signals",
    "best_of"
  ],
  "standardize": {
    "mean": [
      -6.746089911134337,
      -1.5997543125980098,
      13.053319393622582,
      13.984840564558285,
      -0.012899947726084658,
      -0.001985624673288032,
      -0.007841087297438577,
      0.2765290120230005,
      2.0580240460010453,
      1.9362258233141663,
      0.12179822268687925,
      -0.6759017250392054,
      3.2205959226346055,
      2.7271301620491375,
      0.869315211709357,
      0.13068478829064298,
      0,
      -6.702807109252481
    ],
    "std": [
      62.999065370943455,
      39.12231032114343,
      8.833138710460123,
      9.37900805770853,
      0.20267307704247503,
      0.12236759108085299,
      0.5921963265016791,
      0.6086654922562783,
      3.375642227013344,
      3.361649859917262,
      3.875116713357168,
      5.455568718435357,
      0.6990803161068831,
      0.7278932013644507,
      0.3370552987271834,
      0.3370552987271834,
      1,
      57.588153996498434
    ]
  },
  "logistic": {
    "w": [
      0.13989221812192099,
      0.09540690066334803,
      0.05684245912536344,
      -0.04944949110476382,
      0.04419303826372112,
      0.039835316891958995,
      0.11208668159165913,
      -0.006194493490602058,
      0.05040729244091011,
      0.0038194616344673273,
      0.04059678814375374,
      -0.016041972766328225,
      -0.0024966499473058727,
      -0.033024557845067144,
      -0.015426310935567013,
      0.015426310935567015,
      0,
      0.09261477664202841
    ],
    "b": -0.10017088027039067,
    "l2": 0.1
  },
  "gbdt": null,
  "ensembleWeights": {
    "logistic": 1,
    "gbdt": 0
  },
  "calibration": {
    "method": "isotonic",
    "blocks": [
      {
        "pMin": 0.1732676840585918,
        "pMax": 0.25093923577934485,
        "yMean": 0.2
      },
      {
        "pMin": 0.25502352817079965,
        "pMax": 0.30691405901169355,
        "yMean": 0.25
      },
      {
        "pMin": 0.3124118509847,
        "pMax": 0.43890230143044945,
        "yMean": 0.3937007874015748
      },
      {
        "pMin": 0.43916571960114786,
        "pMax": 0.4393911359457111,
        "yMean": 0.5
      },
      {
        "pMin": 0.4397383195092617,
        "pMax": 0.4404053742374487,
        "yMean": 0.5
      },
      {
        "pMin": 0.44269272211800625,
        "pMax": 0.4443986740205035,
        "yMean": 0.5
      },
      {
        "pMin": 0.44473073912273686,
        "pMax": 0.4575826887195497,
        "yMean": 0.5185185185185185
      },
      {
        "pMin": 0.45832122510732903,
        "pMax": 0.4962863554393282,
        "yMean": 0.5625
      },
      {
        "pMin": 0.49683920034042,
        "pMax": 0.5159527868214849,
        "yMean": 0.5714285714285714
      },
      {
        "pMin": 0.516090933841306,
        "pMax": 0.5427350800068397,
        "yMean": 0.6216216216216216
      },
      {
        "pMin": 0.5462661674767451,
        "pMax": 0.8375229173207898,
        "yMean": 0.6831683168316832
      }
    ],
    "active": true
  },
  "metrics": {
    "baseline_elo_test": {
      "n": 409,
      "brier": 0.24134996447965032,
      "logloss": 0.6757200306358213,
      "acc": 0.589242053789731,
      "auc": 0.6433906527691051,
      "ece": 0.058403331768293716
    },
    "logistic_test": {
      "n": 409,
      "brier": 0.23438244974548014,
      "logloss": 0.6614422862698865,
      "acc": 0.5916870415647921,
      "auc": 0.6556991209952447,
      "ece": 0.0747147412273908
    },
    "ensemble_raw_test": {
      "n": 409,
      "brier": 0.23438244974548014,
      "logloss": 0.6614422862698865,
      "acc": 0.5916870415647921,
      "auc": 0.6556991209952447,
      "ece": 0.0747147412273908
    },
    "ensemble_calibrated_test": {
      "n": 409,
      "brier": 0.23335304223304099,
      "logloss": 0.6593050382200764,
      "acc": 0.6185819070904646,
      "auc": 0.6394759594601086,
      "ece": 0.009835436545224875
    },
    "chosen": "calibrated"
  },
  "splits": {
    "train": {
      "n": 1913,
      "from": "2026-02-12",
      "to": "2026-03-29"
    },
    "val": {
      "n": 409,
      "from": "2026-03-29",
      "to": "2026-04-05"
    },
    "test": {
      "n": 409,
      "from": "2026-04-05",
      "to": "2026-04-17"
    }
  }
}