{
  "version": 1,
  "game": "dota2",
  "trainedAt": "2026-04-17T23:53:15.965Z",
  "featureNames": [
    "elo_diff_overall",
    "elo_diff_league",
    "games_t1",
    "games_t2",
    "winrate_diff_10",
    "winrate_diff_20",
    "h2h_diff",
    "h2h_total",
    "days_since_last_t1",
    "days_since_last_t2",
    "days_since_diff",
    "matches_last14_diff",
    "n_signals",
    "best_of",
    "tier_1",
    "tier_2",
    "tier_3",
    "elo_x_bo_series"
  ],
  "numFeatures": [
    "elo_diff_overall",
    "elo_diff_league",
    "games_t1",
    "games_t2",
    "winrate_diff_10",
    "winrate_diff_20",
    "h2h_diff",
    "h2h_total",
    "days_since_last_t1",
    "days_since_last_t2",
    "days_since_diff",
    "matches_last14_diff",
    "n_signals",
    "best_of"
  ],
  "standardize": {
    "mean": [
      -0.049248975876194014,
      -0.6959308147473809,
      37.76194811106054,
      35.967228038233955,
      -0.011862221210741928,
      -0.007204688211197103,
      -0.0700955848884843,
      1.512972234865726,
      3.175238962221211,
      3.073281747837961,
      0.10195721438324988,
      0.1406463359126081,
      3.9262630860264,
      2.858898497951752,
      0.700955848884843,
      0.29904415111515703,
      0,
      0.005339098771051391
    ],
    "std": [
      74.54197344839149,
      61.77783980262561,
      28.70320001113848,
      28.034941787817555,
      0.23194425719408548,
      0.1666014143445028,
      1.461881815776719,
      1.976751574457878,
      9.336074214980911,
      8.775177098392197,
      11.217329268342784,
      4.7777905758435635,
      0.8507285212170409,
      0.7153491542922742,
      0.45783921500782915,
      0.45783921500782915,
      1,
      69.19970926883565
    ]
  },
  "logistic": {
    "w": [
      0.15527685016664514,
      0.15264378244571705,
      0.06972807347366519,
      -0.05502378264504479,
      0.1184091333151351,
      -0.010797672915609562,
      0.15647861165799432,
      -0.041336900398156066,
      0.0009780070246937318,
      0.014351318713416822,
      -0.010412872293053928,
      0.019634143634898377,
      0.019620060105571192,
      0.0258318619844766,
      0.0016497063173453314,
      -0.0016497063173453314,
      0,
      0.07147383074823385
    ],
    "b": -0.09099055171195783,
    "l2": 0.1
  },
  "gbdt": null,
  "ensembleWeights": {
    "logistic": 1,
    "gbdt": 0
  },
  "calibration": {
    "method": "isotonic",
    "blocks": [
      {
        "pMin": 0.06980018411085481,
        "pMax": 0.06980018411085481,
        "yMean": 0
      },
      {
        "pMin": 0.09532084415847489,
        "pMax": 0.09532084415847489,
        "yMean": 0
      },
      {
        "pMin": 0.10501270549020639,
        "pMax": 0.10501270549020639,
        "yMean": 0
      },
      {
        "pMin": 0.1286628627974729,
        "pMax": 0.1286628627974729,
        "yMean": 0
      },
      {
        "pMin": 0.15771979562271246,
        "pMax": 0.2520971144551595,
        "yMean": 0.16666666666666666
      },
      {
        "pMin": 0.2565128561331421,
        "pMax": 0.4224401031767447,
        "yMean": 0.2953020134228188
      },
      {
        "pMin": 0.4226063076373567,
        "pMax": 0.43710535390499244,
        "yMean": 0.36363636363636365
      },
      {
        "pMin": 0.43750071815497915,
        "pMax": 0.44990415584928467,
        "yMean": 0.4444444444444444
      },
      {
        "pMin": 0.4503645348802926,
        "pMax": 0.5216065790287662,
        "yMean": 0.45454545454545453
      },
      {
        "pMin": 0.5223738920221228,
        "pMax": 0.5360615256242567,
        "yMean": 0.46153846153846156
      },
      {
        "pMin": 0.5361458168727704,
        "pMax": 0.567953105853004,
        "yMean": 0.575
      },
      {
        "pMin": 0.568146971269682,
        "pMax": 0.6259123597662757,
        "yMean": 0.6041666666666666
      },
      {
        "pMin": 0.6286421052035778,
        "pMax": 0.6938855485171617,
        "yMean": 0.7352941176470589
      },
      {
        "pMin": 0.6948819225704431,
        "pMax": 0.769637780640558,
        "yMean": 0.7894736842105263
      },
      {
        "pMin": 0.785113779846144,
        "pMax": 0.785113779846144,
        "yMean": 1
      },
      {
        "pMin": 0.7872901563674262,
        "pMax": 0.7872901563674262,
        "yMean": 1
      },
      {
        "pMin": 0.7986128161188882,
        "pMax": 0.7986128161188882,
        "yMean": 1
      },
      {
        "pMin": 0.8109111643476564,
        "pMax": 0.8109111643476564,
        "yMean": 1
      },
      {
        "pMin": 0.8502114573112377,
        "pMax": 0.8502114573112377,
        "yMean": 1
      },
      {
        "pMin": 0.8767365112727573,
        "pMax": 0.8767365112727573,
        "yMean": 1
      }
    ],
    "active": false
  },
  "metrics": {
    "baseline_elo_test": {
      "n": 470,
      "brier": 0.23429717881951637,
      "logloss": 0.6614023966226901,
      "acc": 0.6276595744680851,
      "auc": 0.6949517527122063,
      "ece": 0.08476417739960923
    },
    "logistic_test": {
      "n": 470,
      "brier": 0.22354271892687683,
      "logloss": 0.6404454213016986,
      "acc": 0.6404255319148936,
      "auc": 0.6918533863962638,
      "ece": 0.045013012267136755
    },
    "ensemble_raw_test": {
      "n": 470,
      "brier": 0.22354271892687683,
      "logloss": 0.6404454213016986,
      "acc": 0.6404255319148936,
      "auc": 0.6918533863962638,
      "ece": 0.045013012267136755
    },
    "ensemble_calibrated_test": {
      "n": 470,
      "brier": 0.22846291052401663,
      "logloss": 0.8074102641057586,
      "acc": 0.6148936170212767,
      "auc": 0.6821221537734649,
      "ece": 0.05627592699970135
    },
    "chosen": "raw"
  },
  "splits": {
    "train": {
      "n": 2197,
      "from": "2025-05-06",
      "to": "2026-01-14"
    },
    "val": {
      "n": 470,
      "from": "2026-01-15",
      "to": "2026-02-23"
    },
    "test": {
      "n": 470,
      "from": "2026-02-23",
      "to": "2026-04-18"
    }
  }
}