{
  "version": 1,
  "game": "dota2",
  "trainedAt": "2026-04-18T00:31:59.615Z",
  "featureNames": [
    "elo_diff_overall",
    "elo_diff_league",
    "games_t1",
    "games_t2",
    "winrate_diff_10",
    "winrate_diff_20",
    "h2h_diff",
    "h2h_total",
    "days_since_last_t1",
    "days_since_last_t2",
    "days_since_diff",
    "matches_last14_diff",
    "n_signals",
    "best_of",
    "tier_1",
    "tier_2",
    "tier_3",
    "elo_x_bo_series"
  ],
  "numFeatures": [
    "elo_diff_overall",
    "elo_diff_league",
    "games_t1",
    "games_t2",
    "winrate_diff_10",
    "winrate_diff_20",
    "h2h_diff",
    "h2h_total",
    "days_since_last_t1",
    "days_since_last_t2",
    "days_since_diff",
    "matches_last14_diff",
    "n_signals",
    "best_of"
  ],
  "standardize": {
    "mean": [
      -5.1301627100560205,
      -2.3883239975104407,
      71.91313239085979,
      75.5317862541122,
      -0.008824602116119832,
      -0.008114501644883105,
      -0.07984351382590914,
      2.555170267626923,
      3.795678847692718,
      3.6873833022139237,
      0.10829554547879434,
      -0.16599982217480216,
      4.04525651284787,
      2.839068195963368,
      0.6022050324530986,
      0.3977949675469014,
      0,
      -1.9467546901395945
    ],
    "std": [
      92.89316549192428,
      65.9152893701373,
      73.37256449412871,
      77.93517879919185,
      0.23956822945221476,
      0.1722289661674972,
      2.0044917224580177,
      3.8242197847092805,
      11.508241641417818,
      11.215339460689716,
      12.763617828624486,
      4.984238323417301,
      0.8543823938460611,
      0.6858652065781492,
      0.48944267421348714,
      0.48944267421348714,
      1,
      83.05118886355567
    ]
  },
  "logistic": {
    "w": [
      0.2555842906748358,
      0.07133956283177185,
      0.019937104105000693,
      -0.06182796124788393,
      0.09826490183318358,
      0.06437581520173785,
      0.08336104939690149,
      -0.007147627727473531,
      -0.00019386889501497818,
      -0.0032547432360870094,
      0.0026851289829950965,
      0.02476936404449636,
      -0.005541908578906588,
      0.012006247815351211,
      0.004467578442573238,
      -0.004467578442573255,
      0,
      0.16330020706396028
    ],
    "b": -0.06264194925962092,
    "l2": 0.1
  },
  "gbdt": null,
  "ensembleWeights": {
    "logistic": 1,
    "gbdt": 0
  },
  "calibration": {
    "method": "isotonic",
    "blocks": [
      {
        "pMin": 0.024116669288431508,
        "pMax": 0.024116669288431508,
        "yMean": 0
      },
      {
        "pMin": 0.025379863734956137,
        "pMax": 0.025379863734956137,
        "yMean": 0
      },
      {
        "pMin": 0.028356061837897434,
        "pMax": 0.028356061837897434,
        "yMean": 0
      },
      {
        "pMin": 0.03166892844663279,
        "pMax": 0.03166892844663279,
        "yMean": 0
      },
      {
        "pMin": 0.03880458627015866,
        "pMax": 0.03880458627015866,
        "yMean": 0
      },
      {
        "pMin": 0.04096642446260617,
        "pMax": 0.04096642446260617,
        "yMean": 0
      },
      {
        "pMin": 0.050132835369546394,
        "pMax": 0.050132835369546394,
        "yMean": 0
      },
      {
        "pMin": 0.05399883003351819,
        "pMax": 0.05399883003351819,
        "yMean": 0
      },
      {
        "pMin": 0.06707565264832065,
        "pMax": 0.12245109385851242,
        "yMean": 0.09090909090909091
      },
      {
        "pMin": 0.12641441176705992,
        "pMax": 0.19628301216809907,
        "yMean": 0.24242424242424243
      },
      {
        "pMin": 0.19666618793982996,
        "pMax": 0.20887441753101674,
        "yMean": 0.2857142857142857
      },
      {
        "pMin": 0.20897030071138328,
        "pMax": 0.31426589432462587,
        "yMean": 0.3527272727272727
      },
      {
        "pMin": 0.31491803962509873,
        "pMax": 0.34885872450473404,
        "yMean": 0.4453125
      },
      {
        "pMin": 0.34892861316004387,
        "pMax": 0.4612528821799188,
        "yMean": 0.44867549668874174
      },
      {
        "pMin": 0.46160164379510726,
        "pMax": 0.46166536731347385,
        "yMean": 0.5
      },
      {
        "pMin": 0.4620787619167602,
        "pMax": 0.5207896424879808,
        "yMean": 0.5290519877675841
      },
      {
        "pMin": 0.520911691749138,
        "pMax": 0.540503514712005,
        "yMean": 0.5365853658536586
      },
      {
        "pMin": 0.5407921948620205,
        "pMax": 0.5836298047061586,
        "yMean": 0.539906103286385
      },
      {
        "pMin": 0.5838407122165442,
        "pMax": 0.5995861330141841,
        "yMean": 0.5645161290322581
      },
      {
        "pMin": 0.6000823966992088,
        "pMax": 0.7034562337020306,
        "yMean": 0.5851393188854489
      },
      {
        "pMin": 0.7037523655721213,
        "pMax": 0.7308600828026677,
        "yMean": 0.6
      },
      {
        "pMin": 0.7311394170761749,
        "pMax": 0.9006660380603695,
        "yMean": 0.7441860465116279
      },
      {
        "pMin": 0.9008116000088019,
        "pMax": 0.9692485002520396,
        "yMean": 0.7714285714285715
      },
      {
        "pMin": 0.9762431145157999,
        "pMax": 0.9762431145157999,
        "yMean": 1
      },
      {
        "pMin": 0.9785771818347276,
        "pMax": 0.9785771818347276,
        "yMean": 1
      }
    ],
    "active": true
  },
  "metrics": {
    "baseline_elo_test": {
      "n": 2410,
      "brier": 0.23626163295652558,
      "logloss": 0.665205925573665,
      "acc": 0.6058091286307054,
      "auc": 0.657397536394177,
      "ece": 0.05848668868329357
    },
    "logistic_test": {
      "n": 2410,
      "brier": 0.23332928920450594,
      "logloss": 0.6611984160053908,
      "acc": 0.6045643153526971,
      "auc": 0.6614275131363597,
      "ece": 0.05173782745347659
    },
    "ensemble_raw_test": {
      "n": 2410,
      "brier": 0.23332928920450594,
      "logloss": 0.6611984160053908,
      "acc": 0.6045643153526971,
      "auc": 0.6614275131363597,
      "ece": 0.05173782745347659
    },
    "ensemble_calibrated_test": {
      "n": 2410,
      "brier": 0.23225622104771976,
      "logloss": 0.6773269725334542,
      "acc": 0.6141078838174274,
      "auc": 0.6581324834180378,
      "ece": 0.021462982951397057
    },
    "chosen": "calibrated"
  },
  "splits": {
    "train": {
      "n": 11247,
      "from": "2023-01-31",
      "to": "2026-02-16"
    },
    "val": {
      "n": 2410,
      "from": "2026-02-16",
      "to": "2026-03-19"
    },
    "test": {
      "n": 2410,
      "from": "2026-03-20",
      "to": "2026-04-18"
    }
  }
}