{"priorWr":0.5,"shrinkK":100,"weights":[0.0753981955897128,0.05194529287680556,0.3744407709657979,1.2518582901065554,0,0],"trainedAt":"2026-06-02T12:19:41.968Z","rows":41040,"patches":9,"masteryHelps":false,"walkForward":{"withMastery":{"n":835,"brier":0.2481042192170921,"brierBaseline":0.25},"without":{"n":835,"brier":0.2464861876900521,"brierBaseline":0.25}},"champCount":168}