{"priorWr":0.5,"shrinkK":20,"weights":[-0.024346879396466035,-0.022644220439774744,1.4957639890670082,2.7907475826158494,0],"trainedAt":"2026-06-01T01:44:27.553Z","rows":41040,"patches":9,"walkForward":{"n":835,"brier":0.2733644597689578,"logloss":0.7576895894616873,"brierBaseline":0.25},"champCount":168}