{"priorWr":0.5,"shrinkK":100,"weights":[0.08434666782046567,0.06242043834271847,0.4136187016796404,1.4096335016845183,0],"trainedAt":"2026-06-01T01:52:41.863Z","rows":41040,"patches":9,"walkForward":{"n":835,"brier":0.2464861876900521,"logloss":0.6860621791929404,"brierBaseline":0.25},"champCount":168}