{
  "version": 1,
  "game": "lol",
  "trainedAt": "2026-04-17T23:53:15.295Z",
  "featureNames": [
    "elo_diff_overall",
    "elo_diff_league",
    "games_t1",
    "games_t2",
    "winrate_diff_10",
    "winrate_diff_20",
    "h2h_diff",
    "h2h_total",
    "days_since_last_t1",
    "days_since_last_t2",
    "days_since_diff",
    "matches_last14_diff",
    "n_signals",
    "best_of",
    "tier_1",
    "tier_2",
    "tier_3",
    "elo_x_bo_series"
  ],
  "numFeatures": [
    "elo_diff_overall",
    "elo_diff_league",
    "games_t1",
    "games_t2",
    "winrate_diff_10",
    "winrate_diff_20",
    "h2h_diff",
    "h2h_total",
    "days_since_last_t1",
    "days_since_last_t2",
    "days_since_diff",
    "matches_last14_diff",
    "n_signals",
    "best_of"
  ],
  "standardize": {
    "mean": [
      2.3582784930853693,
      5.054075663646479,
      29.94134477825465,
      30.150850421236687,
      0.0038754411063423875,
      0.0061834366555396664,
      0.058814178985852804,
      2.193292004450803,
      7.099189318073439,
      7.080909235415673,
      0.01828008265776506,
      -0.005881417898585281,
      4.457955809887141,
      2.1994913368303926,
      0.5304403115561914,
      0.21157208710856779,
      0.25798760133524085,
      0.6684422190430773
    ],
    "std": [
      109.68993731972945,
      103.63170686949742,
      19.5050721395935,
      20.066040398175463,
      0.295978799644098,
      0.2280895321028975,
      1.8984821365476365,
      2.0508926577139515,
      15.21045132717842,
      15.305139934306581,
      9.110467583062139,
      1.0781556978084792,
      0.604075244159537,
      1.3841438279418585,
      0.4990725272266359,
      0.40842299037283797,
      0.43752714074960947,
      76.95959333641595
    ]
  },
  "logistic": {
    "w": [
      0.14087944824911502,
      0.24903410105791735,
      0.10748828705381308,
      -0.10164005897616829,
      0.31362761059727345,
      0.10830292916036341,
      0.07692964388097466,
      -0.05374202009390809,
      -0.0028642040607247993,
      -0.011996293240673408,
      0.015371231938202286,
      0.025422612531901756,
      0.008636805637892514,
      -0.028839783872160796,
      -0.0006311644136851757,
      -0.04375642619213228,
      0.041565712292257764,
      0.06319472996409081
    ],
    "b": 0.02540177390179428,
    "l2": 0.05
  },
  "gbdt": null,
  "ensembleWeights": {
    "logistic": 1,
    "gbdt": 0
  },
  "calibration": {
    "method": "isotonic",
    "blocks": [
      {
        "pMin": 0.05687443509893185,
        "pMax": 0.05687443509893185,
        "yMean": 0
      },
      {
        "pMin": 0.06132127317241283,
        "pMax": 0.06132127317241283,
        "yMean": 0
      },
      {
        "pMin": 0.06280502387551279,
        "pMax": 0.06280502387551279,
        "yMean": 0
      },
      {
        "pMin": 0.06363127605683677,
        "pMax": 0.06363127605683677,
        "yMean": 0
      },
      {
        "pMin": 0.0750862679791274,
        "pMax": 0.0750862679791274,
        "yMean": 0
      },
      {
        "pMin": 0.07518728218510874,
        "pMax": 0.07518728218510874,
        "yMean": 0
      },
      {
        "pMin": 0.08318622308428482,
        "pMax": 0.08318622308428482,
        "yMean": 0
      },
      {
        "pMin": 0.08365204923075271,
        "pMax": 0.08365204923075271,
        "yMean": 0
      },
      {
        "pMin": 0.08388620981918658,
        "pMax": 0.08388620981918658,
        "yMean": 0
      },
      {
        "pMin": 0.08458810314737804,
        "pMax": 0.08458810314737804,
        "yMean": 0
      },
      {
        "pMin": 0.08633279182997024,
        "pMax": 0.08633279182997024,
        "yMean": 0
      },
      {
        "pMin": 0.08746426657322634,
        "pMax": 0.08746426657322634,
        "yMean": 0
      },
      {
        "pMin": 0.09066444332113338,
        "pMax": 0.09066444332113338,
        "yMean": 0
      },
      {
        "pMin": 0.09080213028737925,
        "pMax": 0.09080213028737925,
        "yMean": 0
      },
      {
        "pMin": 0.09092995894811186,
        "pMax": 0.09092995894811186,
        "yMean": 0
      },
      {
        "pMin": 0.09375703569414337,
        "pMax": 0.09375703569414337,
        "yMean": 0
      },
      {
        "pMin": 0.09428758246367586,
        "pMax": 0.09428758246367586,
        "yMean": 0
      },
      {
        "pMin": 0.09636459507035086,
        "pMax": 0.11542463721756004,
        "yMean": 0.08333333333333333
      },
      {
        "pMin": 0.11719909469972782,
        "pMax": 0.15979299200306063,
        "yMean": 0.09523809523809523
      },
      {
        "pMin": 0.16022649198843938,
        "pMax": 0.16747195000238038,
        "yMean": 0.14285714285714285
      },
      {
        "pMin": 0.1719400265864298,
        "pMax": 0.24482621969574597,
        "yMean": 0.21875
      },
      {
        "pMin": 0.2476690109286538,
        "pMax": 0.2873251803892566,
        "yMean": 0.2638888888888889
      },
      {
        "pMin": 0.2876288196120444,
        "pMax": 0.32605553474743326,
        "yMean": 0.26506024096385544
      },
      {
        "pMin": 0.3271858751867844,
        "pMax": 0.3626396631797621,
        "yMean": 0.2857142857142857
      },
      {
        "pMin": 0.36365929959770965,
        "pMax": 0.39884567448503466,
        "yMean": 0.3783783783783784
      },
      {
        "pMin": 0.3989053206803024,
        "pMax": 0.43985313935320963,
        "yMean": 0.47058823529411764
      },
      {
        "pMin": 0.4402367848208047,
        "pMax": 0.5919082095719095,
        "yMean": 0.49866666666666665
      },
      {
        "pMin": 0.5919428218336213,
        "pMax": 0.5922791970961307,
        "yMean": 0.5
      },
      {
        "pMin": 0.5924298171751902,
        "pMax": 0.6355021706859929,
        "yMean": 0.5955056179775281
      },
      {
        "pMin": 0.6359202346832936,
        "pMax": 0.6913719900891937,
        "yMean": 0.62
      },
      {
        "pMin": 0.6933446981326117,
        "pMax": 0.734078335494454,
        "yMean": 0.7307692307692307
      },
      {
        "pMin": 0.7343095404279695,
        "pMax": 0.8359882444860789,
        "yMean": 0.8
      },
      {
        "pMin": 0.8365069992030054,
        "pMax": 0.9091369154841299,
        "yMean": 0.868421052631579
      },
      {
        "pMin": 0.9098332464389574,
        "pMax": 0.9098332464389574,
        "yMean": 1
      },
      {
        "pMin": 0.9124765778551234,
        "pMax": 0.9124765778551234,
        "yMean": 1
      },
      {
        "pMin": 0.9129666416691273,
        "pMax": 0.9129666416691273,
        "yMean": 1
      },
      {
        "pMin": 0.9134946168417131,
        "pMax": 0.9134946168417131,
        "yMean": 1
      },
      {
        "pMin": 0.9144326890765626,
        "pMax": 0.9144326890765626,
        "yMean": 1
      },
      {
        "pMin": 0.9194216457546406,
        "pMax": 0.9194216457546406,
        "yMean": 1
      },
      {
        "pMin": 0.9482229031550612,
        "pMax": 0.9482229031550612,
        "yMean": 1
      },
      {
        "pMin": 0.9605282448270747,
        "pMax": 0.9605282448270747,
        "yMean": 1
      },
      {
        "pMin": 0.9711464012647105,
        "pMax": 0.9711464012647105,
        "yMean": 1
      }
    ],
    "active": false
  },
  "metrics": {
    "baseline_elo_test": {
      "n": 1348,
      "brier": 0.23684238588335582,
      "logloss": 0.6664124010083562,
      "acc": 0.6083086053412463,
      "auc": 0.6455163411950691,
      "ece": 0.04965615223381444
    },
    "logistic_test": {
      "n": 1348,
      "brier": 0.23133688801909516,
      "logloss": 0.6557986164226316,
      "acc": 0.637240356083086,
      "auc": 0.6633138351703352,
      "ece": 0.04912991215813682
    },
    "ensemble_raw_test": {
      "n": 1348,
      "brier": 0.23133688801909516,
      "logloss": 0.6557986164226316,
      "acc": 0.637240356083086,
      "auc": 0.6633138351703352,