{
  "version": 1,
  "trainedAt": "2026-04-17T23:37:35.241Z",
  "featureNames": [
    "elo_diff_blend",
    "elo_diff_overall",
    "elo_diff_surface",
    "rank_diff",
    "rank_points_log_ratio",
    "age_diff",
    "height_diff",
    "serve_pct_diff",
    "fatigue_min_7d_diff",
    "matches_14d_diff",
    "days_since_last_diff",
    "h2h_surface_diff",
    "h2h_overall_diff",
    "n_signals",
    "surface_hard",
    "surface_clay",
    "surface_grass",
    "elo_x_bestof5",
    "elo_x_clay",
    "elo_x_grass"
  ],
  "standardize": {
    "mean": [
      -1.7554604651162773,
      -0.7008961240310182,
      -2.2420400000000096,
      -3.766201550387597,
      0.03480359999999986,
      -0.8400775193798375,
      -0.06331782945736435,
      -0.0021552651162790822,
      5.81615503875969,
      0.09085271317829458,
      -0.3236279069767442,
      -0.023069767441860466,
      -0.03293023255813954,
      5.147906976744186,
      0.626108527131783,
      0.26796899224806203,
      0.10592248062015504,
      -1.1856217054263531,
      -1.1936517829457354,
      0.10433426356589225
    ],
    "std": [
      128.75322757571237,
      145.79803428490655,
      126.2707348126147,
      104.12765111094114,
      1.09252658647901,
      5.869365825009491,
      9.52186338514409,
      0.04199717367049286,
      160.85621919994665,
      2.282035006086375,
      30.76723984895551,
      1.0437386006325475,
      1.5709674903056134,
      0.6539204067188682,
      0.48383534325690675,
      0.44290135633305344,
      0.30773837706631774,
      54.609710136629886,
      60.3174589206447,
      34.34542406420723
    ]
  },
  "logistic": {
    "w": [
      -0.08815948147711351,
      0.2132627262373361,
      0.41397516821455654,
      -0.0024518814035917246,
      0.24251407519583884,
      -0.20667158480834766,
      -0.016272941228200218,
      0.13908951503230313,
      -0.05887865526242468,
      0.15139843912830409,
      -0.08463278081720704,
      0.004774254274343217,
      0.045180845146972584,
      -0.007757106272557666,
      -0.001289656126983767,
      0.0018895780611416428,
      -0.0006918716908955655,
      0.11099104305559786,
      0.02715239994099677,
      0.04828209689776678
    ],
    "b": 0.042196140994457544,
    "l2": 0.0001
  },
  "gbdt": null,
  "ensembleWeights": {
    "logistic": 1,
    "gbdt": 0
  },
  "calibration": {
    "method": "isotonic",
    "blocks": [
      {
        "pMin": 0.024917630710706472,
        "pMax": 0.024917630710706472,
        "yMean": 0
      },
      {
        "pMin": 0.025904821252649167,
        "pMax": 0.025904821252649167,
        "yMean": 0
      },
      {
        "pMin": 0.026847945390779917,
        "pMax": 0.026847945390779917,
        "yMean": 0
      },
      {
        "pMin": 0.03818556037404148,
        "pMax": 0.03818556037404148,
        "yMean": 0
      },
      {
        "pMin": 0.047011385095176085,
        "pMax": 0.047011385095176085,
        "yMean": 0
      },
      {
        "pMin": 0.05255477900542933,
        "pMax": 0.05255477900542933,
        "yMean": 0
      },
      {
        "pMin": 0.05349391706170054,
        "pMax": 0.05349391706170054,
        "yMean": 0
      },
      {
        "pMin": 0.053799561291262385,
        "pMax": 0.053799561291262385,
        "yMean": 0
      },
      {
        "pMin": 0.05419301252908402,
        "pMax": 0.05419301252908402,
        "yMean": 0
      },
      {
        "pMin": 0.05785519341451028,
        "pMax": 0.05785519341451028,
        "yMean": 0
      },
      {
        "pMin": 0.0579567326022536,
        "pMax": 0.0579567326022536,
        "yMean": 0
      },
      {
        "pMin": 0.06017200370306564,
        "pMax": 0.06017200370306564,
        "yMean": 0
      },
      {
        "pMin": 0.06091281158386123,
        "pMax": 0.06091281158386123,
        "yMean": 0
      },
      {
        "pMin": 0.061316316203247116,
        "pMax": 0.061316316203247116,
        "yMean": 0
      },
      {
        "pMin": 0.06149452702082477,
        "pMax": 0.06149452702082477,
        "yMean": 0
      },
      {
        "pMin": 0.06318923540644757,
        "pMax": 0.06318923540644757,
        "yMean": 0
      },
      {
        "pMin": 0.06325290692148283,
        "pMax": 0.10061289475308821,
        "yMean": 0.06666666666666667
      },
      {
        "pMin": 0.10182856865216162,
        "pMax": 0.165324782174259,
        "yMean": 0.13385826771653545
      },
      {
        "pMin": 0.1654096977152824,
        "pMax": 0.17450496930519407,
        "yMean": 0.14285714285714285
      },
      {
        "pMin": 0.17462479438185505,
        "pMax": 0.17855092743470663,
        "yMean": 0.14285714285714285
      },
      {
        "pMin": 0.1787358911495182,
        "pMax": 0.19582479039699732,
        "yMean": 0.16455696202531644
      },
      {
        "pMin": 0.19663110713003715,
        "pMax": 0.23459659833418683,
        "yMean": 0.1751412429378531
      },
      {
        "pMin": 0.23469590076918567,
        "pMax": 0.2464712767936568,
        "yMean": 0.2153846153846154
      },
      {
        "pMin": 0.2471931795337788,
        "pMax": 0.24859023072901024,
        "yMean": 0.25
      },
      {
        "pMin": 0.24884773845821764,
        "pMax": 0.3329211978193885,
        "yMean": 0.2946708463949843
      },
      {
        "pMin": 0.3329377256054317,
        "pMax": 0.3410577073882206,
        "yMean": 0.3333333333333333
      },
      {
        "pMin": 0.3410993713134474,
        "pMax": 0.3533690135623112,
        "yMean": 0.3384615384615385
      },
      {
        "pMin": 0.3534505107469317,
        "pMax": 0.3673027105391073,
        "yMean": 0.3877551020408163
      },
      {
        "pMin": 0.36744053913231767,
        "pMax": 0.36869095018743225,
        "yMean": 0.3888888888888889
      },
      {
        "pMin": 0.3687835201671774,
        "pMax": 0.4380833272698917,
        "yMean": 0.409387222946545
      },
      {
        "pMin": 0.4381256158144409,
        "pMax": 0.43888503856499106,
        "yMean": 0.4444444444444444
      },
      {
        "pMin": 0.43906615599147353,
        "pMax": 0.4800186227579104,
        "yMean": 0.47547169811320755
      },
      {
        "pMin": 0.48003950676048757,
        "pMax": 0.5027177149280325,
        "yMean": 0.5
      },
      {
        "pMin": 0.5027195409501136,
        "pMax": 0.5436414044917205,
        "yMean": 0.5305755395683454
      },
      {
        "pMin": 0.5439395282706867,
        "pMax": 0.5624473645506305,
        "yMean": 0.5534351145038168
      },
      {
        "pMin": 0.562477240190184,
        "pMax": 0.5789713167211196,
        "yMean": 0.5614973262032086
      },
      {
        "pMin": 0.5790416096271823,
        "pMax": 0.6077955111583151,
        "yMean": 0.5628571428571428
      },
      {
        "pMin": 0.6078022072141808,
        "pMax": 0.6081118762406615,
        "yMean": 0.6
      },
      {
        "pMin": 0.6081202056162294,
        "pMax": 0.6392809175892438,
        "yMean": 0.6076923076923076
      },
      {
        "pMin": 0.6393076945058256,
        "pMax": 0.6411712439953319,
        "yMean": 0.6206896551724138
      },
      {
        "pMin": 0.6413680887127573,
        "pMax": 0.7023159393313156,
        "yMean": 0.627906976744186
      },
      {
        "pMin": 0.7024296206796842,
        "pMax": 0.7446136525817986,
        "yMean": 0.7323232323232324
      },
      {
        "pMin": 0.74474205787952,
        "pMax": 0.7542604286294927,
        "yMean": 0.75
      },
      {
        "pMin": 0.7543116089685038,
        "pMax": 0.7624535298259345,
        "yMean": 0.765625
      },
      {
        "pMin": 0.7624601545597156,
        "pMax": 0.8065688416952078,
        "yMean": 0.7746031746031746
      },
      {
        "pMin": 0.8065706780213218,
        "pMax": 0.8312073363292254,
        "yMean": 0.7878787878787878
      },
      {
        "pMin": 0.8312231558217423,
        "pMax": 0.8558828618810637,