{
  "version": 1,
  "game": "valorant",
  "trainedAt": "2026-04-18T00:32:04.134Z",
  "featureNames": [
    "elo_diff_overall",
    "elo_diff_league",
    "games_t1",
    "games_t2",
    "winrate_diff_10",
    "winrate_diff_20",
    "h2h_diff",
    "h2h_total",
    "days_since_last_t1",
    "days_since_last_t2",
    "days_since_diff",
    "matches_last14_diff",
    "n_signals",
    "best_of",
    "tier_1",
    "tier_2",
    "tier_3",
    "elo_x_bo_series"
  ],
  "numFeatures": [
    "elo_diff_overall",
    "elo_diff_league",
    "games_t1",
    "games_t2",
    "winrate_diff_10",
    "winrate_diff_20",
    "h2h_diff",
    "h2h_total",
    "days_since_last_t1",
    "days_since_last_t2",
    "days_since_diff",
    "matches_last14_diff",
    "n_signals",
    "best_of"
  ],
  "standardize": {
    "mean": [
      4.350661245167303,
      4.749056125849888,
      26.809092121050526,
      25.613918144247435,
      0.005807532329022823,
      0.0031046260498600172,
      0.022530329289428077,
      1.4858018930809225,
      9.623783495533928,
      9.648580189308092,
      -0.024796693774163443,
      -0.009865351286495135,
      4.093854152779629,
      2.691641114518064,
      0.9684042127716305,
      0.03159578722836955,
      0,
      5.528222903612862
    ],
    "std": [
      94.68223473981784,
      89.81309792003945,
      22.196570101986637,
      21.211028575444804,
      0.2590499403725852,
      0.1857524854364513,
      1.4351368230543375,
      1.9379020421506246,
      20.40476402748284,
      20.477513940260827,
      15.441014486906928,
      0.9652867059812162,
      0.7477403792555092,
      1.0397874616104037,
      0.17492139222458641,
      0.17492139222458641,
      1,
      78.84310247506693
    ]
  },
  "logistic": {
    "w": [
      0.1991653161304316,
      0.2828915669921424,
      0.12230448538420813,
      -0.13257507687024905,
      0.3727115845428808,
      -0.08440955891631663,
      -0.018225887799654502,
      0.023317319836826278,
      -0.005613815152631202,
      0.008521206773016756,
      -0.018719087674630062,
      -0.05809722786590249,
      -0.03204358763510709,
      0.003116235036641208,
      0.011653852837715696,
      -0.011653852837715896,
      0,
      0.04700667867070444
    ],
    "b": 0.06324040976578876,
    "l2": 0.001
  },
  "gbdt": null,
  "ensembleWeights": {
    "logistic": 1,
    "gbdt": 0
  },
  "calibration": {
    "method": "isotonic",
    "blocks": [
      {
        "pMin": 0.05775353010330971,
        "pMax": 0.05775353010330971,
        "yMean": 0
      },
      {
        "pMin": 0.0612659198766754,
        "pMax": 0.0612659198766754,
        "yMean": 0
      },
      {
        "pMin": 0.06162886665853461,
        "pMax": 0.06162886665853461,
        "yMean": 0
      },
      {
        "pMin": 0.07206690413469205,
        "pMax": 0.07206690413469205,
        "yMean": 0
      },
      {
        "pMin": 0.07219322959521804,
        "pMax": 0.07219322959521804,
        "yMean": 0
      },
      {
        "pMin": 0.07911368064068172,
        "pMax": 0.07911368064068172,
        "yMean": 0
      },
      {
        "pMin": 0.08638613050428108,
        "pMax": 0.1253111896772727,
        "yMean": 0.03571428571428571
      },
      {
        "pMin": 0.1271410138983229,
        "pMax": 0.15759440421443138,
        "yMean": 0.09523809523809523
      },
      {
        "pMin": 0.15869918822107257,
        "pMax": 0.18609845863777635,
        "yMean": 0.125
      },
      {
        "pMin": 0.1869343647346039,
        "pMax": 0.251044270392867,
        "yMean": 0.26136363636363635
      },
      {
        "pMin": 0.2512047492421383,
        "pMax": 0.30997268464547534,
        "yMean": 0.32608695652173914
      },
      {
        "pMin": 0.3100272625867344,
        "pMax": 0.4485051204830434,
        "yMean": 0.3704819277108434
      },
      {
        "pMin": 0.44855066887856737,
        "pMax": 0.4501778166214478,
        "yMean": 0.4
      },
      {
        "pMin": 0.4505685062379308,
        "pMax": 0.4800927477931875,
        "yMean": 0.41975308641975306
      },
      {
        "pMin": 0.4801610701338306,
        "pMax": 0.4952215976349362,
        "yMean": 0.4318181818181818
      },
      {
        "pMin": 0.49527297212789695,
        "pMax": 0.5035148993314894,
        "yMean": 0.44
      },
      {
        "pMin": 0.5037047313523303,
        "pMax": 0.5145102927770216,
        "yMean": 0.5208333333333334
      },
      {
        "pMin": 0.5145399027062452,
        "pMax": 0.577831236600813,
        "yMean": 0.5270935960591133
      },
      {
        "pMin": 0.5781381124093748,
        "pMax": 0.6411027198514535,
        "yMean": 0.5802469135802469
      },
      {
        "pMin": 0.641368899100224,
        "pMax": 0.6977412865997747,
        "yMean": 0.6642335766423357
      },
      {
        "pMin": 0.698585646609732,
        "pMax": 0.6998563994428837,
        "yMean": 0.6666666666666666
      },
      {
        "pMin": 0.701402030442102,
        "pMax": 0.7971568516599924,
        "yMean": 0.7183908045977011
      },
      {
        "pMin": 0.7976428339185323,
        "pMax": 0.8296755356212175,
        "yMean": 0.7352941176470589
      },
      {
        "pMin": 0.8303666037998643,
        "pMax": 0.9402621964000822,
        "yMean": 0.8275862068965517
      },
      {
        "pMin": 0.9516549194056738,
        "pMax": 0.9516549194056738,
        "yMean": 1
      },
      {
        "pMin": 0.9527997446314966,
        "pMax": 0.9527997446314966,
        "yMean": 1
      },
      {
        "pMin": 0.95311781838349,
        "pMax": 0.95311781838349,
        "yMean": 1
      },
      {
        "pMin": 0.9554791287390484,
        "pMax": 0.9554791287390484,
        "yMean": 1
      },
      {
        "pMin": 0.9580289963427285,
        "pMax": 0.9580289963427285,
        "yMean": 1
      }
    ],
    "active": false
  },
  "metrics": {
    "baseline_elo_test": {
      "n": 1607,
      "brier": 0.2374752467776449,
      "logloss": 0.6677509290659628,
      "acc": 0.5948973242065961,
      "auc": 0.6507443380735508,
      "ece": 0.04867345846213596
    },
    "logistic_test": {
      "n": 1607,
      "brier": 0.23066597542937936,
      "logloss": 0.6535528351897639,
      "acc": 0.6179215930304915,
      "auc": 0.6631378380890417,
      "ece": 0.030522409577983276
    },
    "ensemble_raw_test": {
      "n": 1607,
      "brier": 0.23066597542937936,
      "logloss": 0.6535528351897639,
      "acc": 0.6179215930304915,
      "auc": 0.6631378380890417,
      "ece": 0.030522409577983276
    },
    "ensemble_calibrated_test": {
      "n": 1607,
      "brier": 0.2317909914274019,
      "logloss": 0.6592935342468668,
      "acc": 0.6172993154947106,
      "auc": 0.6615430492301019,
      "ece": 0.037619524452992346
    },
    "chosen": "raw"
  },
  "splits": {
    "train": {
      "n": 7501,
      "from": "2022-05-22",
      "to": "2025-03-23"
    },
    "val": {
      "n": 1607,
      "from": "2025-03-23",
      "to": "2025-08-19"
    },
    "test": {
      "n": 1607,
      "from": "2025-08-19",
      "to": "2026-04-18"
    }
  }
}