{
  "version": 1,
  "game": "valorant",
  "trainedAt": "2026-04-17T23:53:16.598Z",
  "featureNames": [
    "elo_diff_overall",
    "elo_diff_league",
    "games_t1",
    "games_t2",
    "winrate_diff_10",
    "winrate_diff_20",
    "h2h_diff",
    "h2h_total",
    "days_since_last_t1",
    "days_since_last_t2",
    "days_since_diff",
    "matches_last14_diff",
    "n_signals",
    "best_of",
    "tier_1",
    "tier_2",
    "tier_3",
    "elo_x_bo_series"
  ],
  "numFeatures": [
    "elo_diff_overall",
    "elo_diff_league",
    "games_t1",
    "games_t2",
    "winrate_diff_10",
    "winrate_diff_20",
    "h2h_diff",
    "h2h_total",
    "days_since_last_t1",
    "days_since_last_t2",
    "days_since_diff",
    "matches_last14_diff",
    "n_signals",
    "best_of"
  ],
  "standardize": {
    "mean": [
      0.2875560975609731,
      0.3105365853658606,
      13.546829268292683,
      13.614634146341464,
      -0.0018192682926829276,
      0.0016174634146341443,
      0,
      0.895609756097561,
      9.807317073170731,
      10.012195121951219,
      -0.2048780487804878,
      0.036585365853658534,
      3.8717073170731706,
      2.9385365853658536,
      0.9580487804878048,
      0.041951219512195125,
      0,
      -0.9448780487804881
    ],
    "std": [
      73.09663666900157,
      64.08691941269791,
      9.16174454551045,
      9.336201791442893,
      0.2338715125760031,
      0.14754073077117646,
      1.0429788483228126,
      1.2212869037896916,
      19.233315737680826,
      18.84981328913098,
      16.593680125489854,
      1.151087735326898,
      0.7058152264218229,
      0.8785397001610455,
      0.2004777162021621,
      0.2004777162021621,
      1,
      67.0978201209632
    ]
  },
  "logistic": {
    "w": [
      0.2032592037585766,
      0.24497111135966124,
      0.018242087148994862,
      -0.17644471565758024,
      0.04415435295649894,
      -0.4316420881912761,
      0.1619910153347011,
      -0.043669359913469465,
      0.04477188300087898,
      -0.03878754114974616,
      0.09595518646268936,
      -0.02286371539319871,
      -0.11823005382003057,
      -0.002246129705461331,
      0.015554796401984193,
      -0.01555479640198408,
      0,
      0.061346679226108675
    ],
    "b": -0.07234415853791262,
    "l2": 0.0001
  },
  "gbdt": null,
  "ensembleWeights": {
    "logistic": 1,
    "gbdt": 0
  },
  "calibration": {
    "method": "isotonic",
    "blocks": [
      {
        "pMin": 0.09147331431184526,
        "pMax": 0.09147331431184526,
        "yMean": 0
      },
      {
        "pMin": 0.11867279410105658,
        "pMax": 0.11867279410105658,
        "yMean": 0
      },
      {
        "pMin": 0.12120915975415548,
        "pMax": 0.12120915975415548,
        "yMean": 0
      },
      {
        "pMin": 0.132549540399533,
        "pMax": 0.27635604590437746,
        "yMean": 0.23333333333333334
      },
      {
        "pMin": 0.27717002931843154,
        "pMax": 0.2801672894395843,
        "yMean": 0.3333333333333333
      },
      {
        "pMin": 0.28039749397159264,
        "pMax": 0.3754764272503663,
        "yMean": 0.40789473684210525
      },
      {
        "pMin": 0.3757468659873083,
        "pMax": 0.45335725183139564,
        "yMean": 0.44047619047619047
      },
      {
        "pMin": 0.45490879283202634,
        "pMax": 0.48693034127196905,
        "yMean": 0.5
      },
      {
        "pMin": 0.4881081469161533,
        "pMax": 0.48822870253592343,
        "yMean": 0.5
      },
      {
        "pMin": 0.48858174824287137,
        "pMax": 0.6011622868571284,
        "yMean": 0.5391304347826087
      },
      {
        "pMin": 0.6011917931330873,
        "pMax": 0.6154198339929018,
        "yMean": 0.6153846153846154
      },
      {
        "pMin": 0.6156802096249833,
        "pMax": 0.6926112711088499,
        "yMean": 0.8387096774193549
      },
      {
        "pMin": 0.6947353209992354,
        "pMax": 0.8005509223345795,
        "yMean": 0.8571428571428571
      },
      {
        "pMin": 0.8126897608335691,
        "pMax": 0.8126897608335691,
        "yMean": 1
      },
      {
        "pMin": 0.8491906645552499,
        "pMax": 0.8491906645552499,
        "yMean": 1
      },
      {
        "pMin": 0.8830284217473396,
        "pMax": 0.8830284217473396,
        "yMean": 1
      },
      {
        "pMin": 0.9138696219215023,
        "pMax": 0.9138696219215023,
        "yMean": 1
      }
    ],
    "active": true
  },
  "metrics": {
    "baseline_elo_test": {
      "n": 439,
      "brier": 0.23790956864236942,
      "logloss": 0.6685848179557251,
      "acc": 0.592255125284738,
      "auc": 0.6461834955137116,
      "ece": 0.060228303190153945
    },
    "logistic_test": {
      "n": 439,
      "brier": 0.24332943214675137,
      "logloss": 0.6802091338486772,
      "acc": 0.5854214123006833,
      "auc": 0.6482160158389149,
      "ece": 0.11987657634322882
    },
    "ensemble_raw_test": {
      "n": 439,
      "brier": 0.24332943214675137,
      "logloss": 0.6802091338486772,
      "acc": 0.5854214123006833,
      "auc": 0.6482160158389149,
      "ece": 0.11987657634322882
    },
    "ensemble_calibrated_test": {
      "n": 439,
      "brier": 0.24007998162353855,
      "logloss": 0.7266001740357203,
      "acc": 0.5968109339407744,
      "auc": 0.638095538986478,
      "ece": 0.09964156616111686
    },
    "chosen": "calibrated"
  },
  "splits": {
    "train": {
      "n": 2050,
      "from": "2025-03-22",
      "to": "2026-01-27"
    },
    "val": {
      "n": 439,
      "from": "2026-01-27",
      "to": "2026-03-02"
    },
    "test": {
      "n": 439,
      "from": "2026-03-02",
      "to": "2026-04-18"
    }
  }
}